dbq_prd_type,website_name,competence_date,brand,product_code,country_code,currency_code,price,CategoryCode,title,sizes,colors,img_url,item_url
E0003,United Kingdom - H&M,2024-03-03,H&M,0812789_group_001_en_gb,44,GBP,£9.00,home_decorations_vases,Large ceramic vase,,Light beige,https://image.hm.com/assets/hm/77/a8/77a89cc5dc9f7943aea25afe62a41fb4f13484f3.jpg,https://www2.hm.com//en_gb/productpage.0812789001.html
E0003,United Kingdom - H&M,2024-03-03,H&M,0812790_group_001_en_gb,44,GBP,£5.00,home_decorations_all,Ceramic vase,,Light beige,https://image.hm.com/assets/hm/f3/07/f307a047c51aec719005a56545873286a66c7fcd.jpg,https://www2.hm.com//en_gb/productpage.0812790001.html
E0003,United Kingdom - H&M,2024-03-03,H&M,1065446_group_001_en_gb,44,GBP,£2.00,home_decorations_vases,Stoneware mini vase,,Light beige,https://image.hm.com/assets/hm/92/cc/92cc971a5ed0e8121eed92ef6c0aa8615c81c909.jpg,https://www2.hm.com//en_gb/productpage.1065446001.html
E0003,United Kingdom - H&M,2024-03-03,H&M,0683334_group_001_en_gb,44,GBP,£8.00,home_bathshower_accessories_bathroomaccessories,Metal table mirror,,Black,https://image.hm.com/assets/hm/93/60/936060a3e4cdd26bfa0551e480e39af3324aa4f7.jpg,https://www2.hm.com//en_gb/productpage.0683334001.html
E0003,United Kingdom - H&M,2024-03-03,H&M,0946626_group_004_en_gb,44,GBP,£18.00,kids_newbornbaby_essentials_babymat,Cotton baby mat,95x116,"Light pink,Dark grey,Light beige",https://image.hm.com/assets/hm/34/9e/349ea2a4a6e611d8c7adf50f7b64f766b948ccac.jpg,https://www2.hm.com//en_gb/productpage.0946626004.html
E0003,United Kingdom - H&M,2024-03-03,H&M,0990788_group_001_en_gb,44,GBP,£9.00,home_kitchen_servingware,Round cotton tablecloth,D190,"Dark grey,White",https://image.hm.com/assets/hm/7c/6f/7c6f2ff791d4810c846c294698b16f21cb5d9c72.jpg,https://www2.hm.com//en_gb/productpage.0990788001.html
E0003,United Kingdom - H&M,2024-03-03,H&M,0992045_group_002_en_gb,44,GBP,£11.00,kids_newbornbaby_toys_softtoys,Soft toy,,Beige/Teddy bear,https://image.hm.com/assets/hm/99/e9/99e9d6cf30ca33e894405016980f2362d4a4078f.jpg,https://www2.hm.com//en_gb/productpage.0992045002.html
E0003,United Kingdom - H&M,2024-03-03,H&M,0877554_group_001_en_gb,44,GBP,£14.00,home_decorations_vases,Ceramic vase,,Greige,https://image.hm.com/assets/hm/c3/d0/c3d0b0408e88bfe64d0ba2d2fa41f3bdc636864c.jpg,https://www2.hm.com//en_gb/productpage.0877554001.html
E0003,United Kingdom - H&M,2024-03-03,H&M,1030019_group_001_en_gb,44,GBP,£11.00,kids_boys_clothing_nightwear_dressinggowns,Waffled hooded dressing gown,"2Y,5Y,3Y,6Y,4Y",Light beige,https://image.hm.com/assets/hm/43/67/43679c9e73eb5f7257af0b946940db3e33d8bc7e.jpg,https://www2.hm.com//en_gb/productpage.1030019001.html
E0003,United Kingdom - H&M,2024-03-03,H&M,1082182_group_001_en_gb,44,GBP,£6.00,home_decorations_mirrors,Metal wire hand mirror,,Gold-coloured,https://image.hm.com/assets/hm/29/fa/29fa9940869099580916553b327d636a49252aca.jpg,https://www2.hm.com//en_gb/productpage.1082182001.html
E0003,United Kingdom - H&M,2024-03-03,H&M,1069184_group_008_en_gb,44,GBP,£3.00,home_bathshower_accessories_bathroomaccessories,Earthenware toothbrush mug,,"Brown,Light beige,Black,Sage green",https://image.hm.com/assets/hm/f7/99/f799647b5913cc186067c8cf2a03d8768b9d1178.jpg,https://www2.hm.com//en_gb/productpage.1069184008.html
E0003,United Kingdom - H&M,2024-03-03,H&M,0887965_group_003_en_gb,44,GBP,£8.00,home_cushions_cushioncover,Faux fur cushion cover,50x50,"Dark mole,Light beige",https://image.hm.com/assets/hm/c2/81/c281bc80090040f388fcd65190138ee360e597bc.jpg,https://www2.hm.com//en_gb/productpage.0887965003.html
E0003,United Kingdom - H&M,2024-03-03,H&M,1092763_group_002_en_gb,44,GBP,£11.00,home_decorations_trays,Hexagonal metal tray,,Black,https://image.hm.com/assets/hm/1a/ee/1aeec657d679f7b6cfc869aba25f08359a37d009.jpg,https://www2.hm.com//en_gb/productpage.1092763002.html
E0003,United Kingdom - H&M,2024-03-03,H&M,1162075_group_003_en_gb,44,GBP,£8.00,home_decorations_vases,Small terracotta vase,,"White,Dark grey",https://image.hm.com/assets/hm/91/95/9195f16375de517e4568834b892832a377a4545a.jpg,https://www2.hm.com//en_gb/productpage.1162075003.html
E0003,United Kingdom - H&M,2024-03-03,H&M,1026753_group_004_en_gb,44,GBP,£15.00,home_bathshower_accessories_showercurtains,Flounce-trimmed shower curtain,SUPER KING,Light blue,https://image.hm.com/assets/hm/40/16/4016fb669887a49f19f6ef6a170844726d7d2632.jpg,https://www2.hm.com//en_gb/productpage.1026753004.html
E0003,United Kingdom - H&M,2024-03-03,H&M,1096692_group_002_en_gb,44,GBP,£8.00,home_kitchen_napkins,Metal napkin holder,,Silver-coloured,https://image.hm.com/assets/hm/10/73/1073d7830a2cd1e869b711a7e6a5c5547daf1d8e.jpg,https://www2.hm.com//en_gb/productpage.1096692002.html
E0003,United Kingdom - H&M,2024-03-03,H&M,1162075_group_002_en_gb,44,GBP,£8.00,home_decorations_vases,Small terracotta vase,,"Dark grey,White",https://image.hm.com/assets/hm/06/1b/061bb315bfa0fdda36d1446724d376ae8b6c42d7.jpg,https://www2.hm.com//en_gb/productpage.1162075002.html
E0003,United Kingdom - H&M,2024-03-03,H&M,1113450_group_004_en_gb,44,GBP,£3.00,home_decorations_candleholders,Bubbled glass tealight holder,,"Dark grey,Clear glass,Beige,Green",https://image.hm.com/assets/hm/f0/e3/f0e36ec59e04a2661ba9176699529873babeb6e5.jpg,https://www2.hm.com//en_gb/productpage.1113450004.html
E0003,United Kingdom - H&M,2024-03-03,H&M,0455385_group_002_en_gb,44,GBP,£7.00,home_kitchen_servingware,Textured porcelain cup,,White,https://image.hm.com/assets/hm/a0/e6/a0e628edd9f2f56a42cb49d6eeddf4d214024bc5.jpg,https://www2.hm.com//en_gb/productpage.0455385002.html
E0003,United Kingdom - H&M,2024-03-03,H&M,1124306_group_003_en_gb,44,GBP,£15.00,home_cushions_cushioncover,Jacquard-weave cushion cover,50x50,Light beige/Dogtooth-patterned,https://image.hm.com/assets/hm/68/83/6883a802aff4d94219592bb288389058e51bf728.jpg,https://www2.hm.com//en_gb/productpage.1124306003.html
E0003,United Kingdom - H&M,2024-03-03,H&M,1136260_group_002_en_gb,44,GBP,£18.00,home_cushions_cushioncover,Tufted wool cushion cover,50x50,"Bright blue/White,Black/White",https://image.hm.com/assets/hm/a1/95/a195452adda80705d0b2dbb8c964f00c71bbe31d.jpg,https://www2.hm.com//en_gb/productpage.1136260002.html
E0003,United Kingdom - H&M,2024-03-03,H&M,1037154_group_003_en_gb,44,GBP,£12.00,home_bedlinen_pillowcases,2-pack cotton percale pillowcases,KING,"Greige,White,Light blue",https://image.hm.com/assets/hm/62/a5/62a5db7b7a171deadbdb46c591584a72ce75f973.jpg,https://www2.hm.com//en_gb/productpage.1037154003.html
E0003,United Kingdom - H&M,2024-03-03,H&M,1135857_group_007_en_gb,44,GBP,£11.00,home_textiles_cushions_covers,Linen-blend cushion cover,50x50,Red,https://image.hm.com/assets/hm/fd/90/fd906438e5ce948c915c5593af7f37dc915279f8.jpg,https://www2.hm.com//en_gb/productpage.1135857007.html
E0003,United Kingdom - H&M,2024-03-03,H&M,1091303_group_001_en_gb,44,GBP,£15.00,home_babyroom_bedding,Cot duvet cover set,BABY,Beige/Animals,https://image.hm.com/assets/hm/4a/29/4a2967d4aad1b6491b0fd24e31e2c0c2f1e7df0a.jpg,https://www2.hm.com//en_gb/productpage.1091303001.html
E0003,United Kingdom - H&M,2024-03-03,H&M,1162090_group_001_en_gb,44,GBP,£12.00,home_decorations_vases,Large stoneware vase,,White,https://image.hm.com/assets/hm/60/cf/60cf39b0cc4fea6c4a8f6c9a28ba8ff545fd57a8.jpg,https://www2.hm.com//en_gb/productpage.1162090001.html
E0003,United Kingdom - H&M,2024-03-03,H&M,1102302_group_001_en_gb,44,GBP,£15.00,home_rugs_round,Felted Christmas tree mat,D100,Dark grey/Stars,https://image.hm.com/assets/hm/3d/ea/3dea2f4bda41000bd604d8d99f6b8870c7750067.jpg,https://www2.hm.com//en_gb/productpage.1102302001.html
E0003,United Kingdom - H&M,2024-03-03,H&M,0983082_group_003_en_gb,44,GBP,£14.00,home_cookingdining_tablecloths,Round tablecloth,D190,"Grey marl,Light beige,Beige marl",https://image.hm.com/assets/hm/f4/0a/f40a15dfbbeb98faab36112ea0ae55da0b7909b8.jpg,https://www2.hm.com//en_gb/productpage.0983082003.html
E0003,United Kingdom - H&M,2024-03-03,H&M,1105510_group_001_en_gb,44,GBP,£21.00,home_decorations_vases,Large glass vase,,"Transparent,Blue",https://image.hm.com/assets/hm/51/33/51330b09e7d4031432112775b83f7358ab558cf9.jpg,https://www2.hm.com//en_gb/productpage.1105510001.html
E0003,United Kingdom - H&M,2024-03-03,H&M,1028693_group_003_en_gb,44,GBP,£15.00,home_textiles_curtains,2-pack patterned cotton curtains,120x250,"White/Clouds,White/Spotted,White/Rainbows,Light green/Vehicles",https://image.hm.com/assets/hm/a8/54/a8541946da92f66ebc38b97a66cf11c13b02df59.jpg,https://www2.hm.com//en_gb/productpage.1028693003.html
E0003,United Kingdom - H&M,2024-03-03,H&M,1092761_group_001_en_gb,44,GBP,£3.00,home_decorations_trays,Small metal tray,,Gold-coloured,https://image.hm.com/assets/hm/8f/e8/8fe8ef4135277fe15ce9979527559f41d84dd24b.jpg,https://www2.hm.com//en_gb/productpage.1092761001.html
E0003,United Kingdom - H&M,2024-03-03,H&M,0934968_group_001_en_gb,44,GBP,£15.00,home_cookwarebakeware_kitchenutencils,Metal salad servers,,Silver-coloured/Beige,https://image.hm.com/assets/hm/8d/b7/8db7962b37309daad585957c813fe5ad5e9c45ab.jpg,https://www2.hm.com//en_gb/productpage.0934968001.html
E0003,United Kingdom - H&M,2024-03-03,H&M,1187323_group_001_en_gb,44,GBP,£6.00,home_cookingdining_coaster,Metal trivet,,Silver-coloured,https://image.hm.com/assets/hm/d3/ef/d3ef36e937c67f37a661f65b1d23bf2284ff4846.jpg,https://www2.hm.com//en_gb/productpage.1187323001.html
E0003,United Kingdom - H&M,2024-03-03,H&M,1136260_group_003_en_gb,44,GBP,£19.00,home_cushions_cushioncover,Tufted wool cushion cover,50x50,"Black/White,Bright blue/White",https://image.hm.com/assets/hm/96/9a/969a8eed370c4aa56f308440bcda79409c9d2416.jpg,https://www2.hm.com//en_gb/productpage.1136260003.html
E0003,United Kingdom - H&M,2024-03-03,H&M,1111615_group_001_en_gb,44,GBP,£8.00,home_cushions_cushioncover,Cotton velvet cushion cover,50x50,Bright red,https://image.hm.com/assets/hm/0c/05/0c05fdfabefdb10b8a226dd45aa0159106c29808.jpg,https://www2.hm.com//en_gb/productpage.1111615001.html
E0003,United Kingdom - H&M,2024-03-03,H&M,1200702_group_001_en_gb,44,GBP,£5.00,home_kitchen_servingware,Stoneware mug,,Deep red,https://image.hm.com/assets/hm/96/94/96949d570fc81d2c3e6af0f8537f4db7b8b52c0b.jpg,https://www2.hm.com//en_gb/productpage.1200702001.html
E0003,United Kingdom - H&M,2024-03-03,H&M,1163540_group_001_en_gb,44,GBP,£15.00,home_decorations_decoraccessories,Storage box,,"White/Light beige,Black",https://image.hm.com/assets/hm/5f/77/5f772bb283dad156e2feb427323e6b99ff993814.jpg,https://www2.hm.com//en_gb/productpage.1163540001.html
E0003,United Kingdom - H&M,2024-03-03,H&M,1110057_group_001_en_gb,44,GBP,£42.00,home_lighting_tablelamps,Ceramic table lamp,,Green beige,https://image.hm.com/assets/hm/b3/25/b3253adfd152d3da78e39ac60a1ae6f0388ffbaf.jpg,https://www2.hm.com//en_gb/productpage.1110057001.html
E0003,United Kingdom - H&M,2024-03-03,H&M,0691126_group_007_en_gb,44,GBP,£6.00,home_kitchen_placemats,Oval table mat,32x45,"Beige,Black,Greige",https://image.hm.com/assets/hm/0d/ef/0def45648b7fc8e803e70c9538fe57cda400074b.jpg,https://www2.hm.com//en_gb/productpage.0691126007.html
E0003,United Kingdom - H&M,2024-03-03,H&M,1114914_group_001_en_gb,44,GBP,£12.00,home_kitchen_servingware,Stoneware carafe,,Light beige,https://image.hm.com/assets/hm/a2/24/a2249818031299abe5a8dc9caa7e4880e1166355.jpg,https://www2.hm.com//en_gb/productpage.1114914001.html
E0003,United Kingdom - H&M,2024-03-03,H&M,1199736_group_001_en_gb,44,GBP,£6.00,home_kitchen_napkins,4-pack glittery napkin rings,,"Gold-coloured,Silver-coloured",https://image.hm.com/assets/hm/45/e3/45e3e790e7ca0513724c8ab5cf299cb45a27a7ab.jpg,https://www2.hm.com//en_gb/productpage.1199736001.html
E0003,United Kingdom - H&M,2024-03-03,H&M,1090164_group_002_en_gb,44,GBP,£8.00,home_decorations_candleholders,Tealight holder,,"Beige,Dark grey",https://image.hm.com/assets/hm/7e/a4/7ea492bfb353d6c3f90839684ccef84ec6e89a2e.jpg,https://www2.hm.com//en_gb/productpage.1090164002.html
E0003,United Kingdom - H&M,2024-03-03,H&M,1098293_group_001_en_gb,44,GBP,£15.00,home_cookwarebakeware_aprons,Linen-blend apron,80x80,White,https://image.hm.com/assets/hm/c8/74/c874d23a4b3c6b26f31d1e6d1636d288de65acba.jpg,https://www2.hm.com//en_gb/productpage.1098293001.html
E0003,United Kingdom - H&M,2024-03-03,H&M,0964194_group_016_en_gb,44,GBP,£8.00,home_decorations_posters,Poster,,Dark beige/Desert,https://image.hm.com/assets/hm/8b/f4/8bf4bfbb5f2857795881379439c348023902a3b0.jpg,https://www2.hm.com//en_gb/productpage.0964194016.html
E0003,United Kingdom - H&M,2024-03-03,H&M,1117192_group_002_en_gb,44,GBP,£21.00,home_decorations_vases,Glass vase,,Clear glass,https://image.hm.com/assets/hm/b2/f6/b2f6be0c5d31b6e316cab0aa5682a49beaea6a27.jpg,https://www2.hm.com//en_gb/productpage.1117192002.html
E0003,United Kingdom - H&M,2024-03-03,H&M,1197714_group_001_en_gb,44,GBP,£9.00,home_decorations_decoraccessories,Christmas tree star,,Silver-coloured/Star,https://image.hm.com/assets/hm/86/bc/86bcbbeda2c0c985a3f84e8ac335cd2efc2401fe.jpg,https://www2.hm.com//en_gb/productpage.1197714001.html
E0003,United Kingdom - H&M,2024-03-03,H&M,1061977_group_001_en_gb,44,GBP,£72.00,home_lighting_celinglamps,Paper straw pendant light,,Light beige,https://image.hm.com/assets/hm/46/00/4600d0eda35a18396d20ec934c19cab3c171423e.jpg,https://www2.hm.com//en_gb/productpage.1061977001.html
E0003,United Kingdom - H&M,2024-03-03,H&M,1102079_group_001_en_gb,44,GBP,£6.00,home_decorations,Letter bunting,,White/Gold-coloured,https://image.hm.com/assets/hm/c8/ae/c8ae5042b333babcf2fab6f28cf0b1807a3ee182.jpg,https://www2.hm.com//en_gb/productpage.1102079001.html
E0003,United Kingdom - H&M,2024-03-03,H&M,1052954_group_001_en_gb,44,GBP,£42.00,home_lighting_celinglamps,Metal pendant light,,Yellow,https://image.hm.com/assets/hm/49/0b/490b432b34e90f62568089efc66909130be9042d.jpg,https://www2.hm.com//en_gb/productpage.1052954001.html
E0003,United Kingdom - H&M,2024-03-03,H&M,1105774_group_001_en_gb,44,GBP,£10.00,home_decorations_decoraccessories,Metal mistletoe ornament,,,https://image.hm.com/assets/hm/b1/92/b1927c15e4ed398126b71d82ec2737f54218613a.jpg,https://www2.hm.com//en_gb/productpage.1105774001.html
E0003,United Kingdom - H&M,2024-03-03,H&M,1196857_group_001_en_gb,44,GBP,£6.00,home_decorations_decoraccessories,2-pack glass Christmas tree baubles,,Silver-coloured,https://image.hm.com/assets/hm/bf/6c/bf6c10b317e13915eed83c46a92610e33765c3b3.jpg,https://www2.hm.com//en_gb/productpage.1196857001.html
E0003,United Kingdom - H&M,2024-03-03,H&M,1114319_group_002_en_gb,44,GBP,£36.00,home_bedlinen_duvetscoversets,Sateen single duvet cover set,SINGLE,White,https://image.hm.com/assets/hm/8e/01/8e01c5547b03931a326a599713e506634b8c0b81.jpg,https://www2.hm.com//en_gb/productpage.1114319002.html
E0003,United Kingdom - H&M,2024-03-03,H&M,1065963_group_001_en_gb,44,GBP,£60.00,home_lighting_celinglamps,Fabric/metal pendant light,,White,https://image.hm.com/assets/hm/42/31/4231b17c3276d7302ee349a63a8e48b8b3ca6118.jpg,https://www2.hm.com//en_gb/productpage.1065963001.html
E0003,United Kingdom - H&M,2024-03-03,H&M,1105333_group_001_en_gb,44,GBP,£3.00,home_decorations_candles_unscented,Globe-shaped candle,,Red,https://image.hm.com/assets/hm/58/49/5849c289930711d09173181c10412b1c909a1f85.jpg,https://www2.hm.com//en_gb/productpage.1105333001.html
E0003,United Kingdom - H&M,2024-03-03,H&M,1138507_group_002_en_gb,44,GBP,£36.00,home_curtains,2-pack sheer curtain lengths,150x300,Yellow,https://image.hm.com/assets/hm/62/9b/629b5fed2561aaa6e39da815eb48552ca4f1017b.jpg,https://www2.hm.com//en_gb/productpage.1138507002.html
E0003,United Kingdom - H&M,2024-03-03,H&M,0992815_group_001_en_gb,44,GBP,£5.00,home_kitchen_napkins,4-pack felt napkin holders,,Dark grey,https://image.hm.com/assets/hm/be/32/be327a69681798c4f8cdc042bf4e4212bab67121.jpg,https://www2.hm.com//en_gb/productpage.0992815001.html
E0003,United Kingdom - H&M,2024-03-03,H&M,1125616_group_001_en_gb,44,GBP,£11.00,kids_newbornbaby_essentials_babymobile,Rainbow-shaped baby mobile,,Powder pink/Rainbow,https://image.hm.com/assets/hm/da/c2/dac28146e1d25b1a6e49497a7dace8c75a15f926.jpg,https://www2.hm.com//en_gb/productpage.1125616001.html
E0003,United Kingdom - H&M,2024-03-03,H&M,1175484_group_001_en_gb,44,GBP,£12.00,home_cookingdining_tablecloths,Cotton tablecloth,140x180,,https://image.hm.com/assets/hm/3d/a5/3da59f6426bb7a1fb6383b039887c1b7f5e30dca.jpg,https://www2.hm.com//en_gb/productpage.1175484001.html
E0003,United Kingdom - H&M,2024-03-03,H&M,1194902_group_002_en_gb,44,GBP,£27.00,home_lighting_lampshades,Paper star lampshade,,"White/Spotted,Beige/Spotted",https://image.hm.com/assets/hm/96/46/9646f0d01dce7c5575e4c493ebda206c5b18d14d.jpg,https://www2.hm.com//en_gb/productpage.1194902002.html
E0003,United Kingdom - H&M,2024-03-03,H&M,1187852_group_002_en_gb,44,GBP,£9.00,home_kitchen_servingware,2-pack wine glasses,,,https://image.hm.com/assets/hm/50/89/508925b477cbdf475c2f356eb237fc938acd37d3.jpg,https://www2.hm.com//en_gb/productpage.1187852002.html
E0003,United Kingdom - H&M,2024-03-03,H&M,1196658_group_001_en_gb,44,GBP,£3.00,home_decorations_decoraccessories,Glittery glass Christmas bauble,,"Silver-coloured,Gold-coloured",https://image.hm.com/assets/hm/0b/b7/0bb7a3232b09adb5dcae1f919329773521429728.jpg,https://www2.hm.com//en_gb/productpage.1196658001.html
E0003,United Kingdom - H&M,2024-03-03,H&M,1095039_group_002_en_gb,44,GBP,£9.00,home_decorations_candleholders,Glass tealight holder,,"Dark beige,Green,Yellow,Light grey,dc,dc",https://image.hm.com/assets/hm/61/cb/61cb93355dc5d9803cbb3578a5b7e1eb781226e0.jpg,https://www2.hm.com//en_gb/productpage.1095039002.html
E0003,United Kingdom - H&M,2024-03-03,H&M,0975184_group_002_en_gb,44,GBP,£9.00,home_cushions_cushioncover,Cotton twill cushion cover,50x50,"Light beige,White",https://image.hm.com/assets/hm/04/19/04199192a4a5925184d704aee3259bec289dedb3.jpg,https://www2.hm.com//en_gb/productpage.0975184002.html
E0003,United Kingdom - H&M,2024-03-03,H&M,1095039_group_007_en_gb,44,GBP,£9.00,home_decorations_candleholders,Glass tealight holder,,"Royal blue,Green,Dark beige,Yellow,dc,dc",https://image.hm.com/assets/hm/bd/67/bd6704e00bafcd53ffdb4a2c18ac44c6980d10b8.jpg,https://www2.hm.com//en_gb/productpage.1095039007.html
E0003,United Kingdom - H&M,2024-03-03,H&M,1168939_group_002_en_gb,44,GBP,£6.00,home_cookingdining_coaster,4-pack jute coasters,10x10,"Beige/Red,Beige/Brown",https://image.hm.com/assets/hm/bb/5d/bb5d4b6861e11286d94420798e31db2d11bae09f.jpg,https://www2.hm.com//en_gb/productpage.1168939002.html
E0003,United Kingdom - H&M,2024-03-03,H&M,1100552_group_001_en_gb,44,GBP,£6.00,home_decorations_candleholders,Small glass tealight holder,,"Light beige,Green,Brown,Light yellow",https://image.hm.com/assets/hm/93/73/9373522c469f470e21d339098859550fbbd55b05.jpg,https://www2.hm.com//en_gb/productpage.1100552001.html
E0003,United Kingdom - H&M,2024-03-03,H&M,1165103_group_002_en_gb,44,GBP,£8.00,home_decorations_candleholders,Stoneware candlestick,,White,https://image.hm.com/assets/hm/0f/cd/0fcdd77d021081a50fd8629cb2ef8880f6cf753f.jpg,https://www2.hm.com//en_gb/productpage.1165103002.html
E0003,United Kingdom - H&M,2024-03-03,H&M,1008025_group_006_en_gb,44,GBP,£6.00,home_cookingdining_plates,Deep porcelain plate,,"Green/Patterned,White,Black/Patterned",https://image.hm.com/assets/hm/fc/12/fc12ca2a9f73d7f4cbe79c56a63ebb6cdc13e104.jpg,https://www2.hm.com//en_gb/productpage.1008025006.html
E0003,United Kingdom - H&M,2024-03-03,H&M,1024350_group_002_en_gb,44,GBP,£15.00,home_textiles_cushions_covers,Tufted cotton cushion cover,50x50,,https://image.hm.com/assets/hm/ff/3a/ff3a52acbaffce204dc0152f1c1e70246b760c42.jpg,https://www2.hm.com//en_gb/productpage.1024350002.html
E0003,United Kingdom - H&M,2024-03-03,H&M,1163192_group_001_en_gb,44,GBP,£12.00,home_decorations_vases,Stoneware vase,,Dark grey,https://image.hm.com/assets/hm/28/aa/28aa78403621f8f069a3d18582704497da27784b.jpg,https://www2.hm.com//en_gb/productpage.1163192001.html
E0003,United Kingdom - H&M,2024-03-03,H&M,1202510_group_001_en_gb,44,GBP,£6.00,home_cookingdining_coaster,4-pack graphic-print coasters,9x9,Green/Patterned,https://image.hm.com/assets/hm/ab/ff/abff099ecfc9f5aa663cfd50e3f7d94f70c46491.jpg,https://www2.hm.com//en_gb/productpage.1202510001.html
E0003,United Kingdom - H&M,2024-03-03,H&M,0529911_group_022_en_gb,44,GBP,£30.00,home_homewear,Terry dressing gown,"XL,L","Anthracite grey,Black",https://image.hm.com/assets/hm/02/d1/02d1a20fd564a8214f10eca9ff4b819030fa3ceb.jpg,https://www2.hm.com//en_gb/productpage.0529911022.html
E0003,United Kingdom - H&M,2024-03-03,H&M,1108836_group_001_en_gb,44,GBP,£12.00,home_decorations_mirrors,Moon mirror,,White/Moon,https://image.hm.com/assets/hm/9a/d5/9ad5b35949a3e6236a3d6b2e431b6b1befc09f98.jpg,https://www2.hm.com//en_gb/productpage.1108836001.html
E0003,United Kingdom - H&M,2024-03-03,H&M,1095039_group_001_en_gb,44,GBP,£9.00,home_decorations_candleholders,Glass tealight holder,,"Green,Dark beige,Yellow,Light grey,dc,dc",https://image.hm.com/assets/hm/d3/8d/d38deeae648472518f2a074e98a2a77877ee3509.jpg,https://www2.hm.com//en_gb/productpage.1095039001.html
E0003,United Kingdom - H&M,2024-03-03,H&M,0704900_group_014_en_gb,44,GBP,£11.00,home_textiles_cushions_covers,Velvet cushion cover,50x50,"Dark red/Patterned,Light beige/Patterned,Anthracite grey/Patterned,Brown/Patterned,dc",https://image.hm.com/assets/hm/47/9f/479f43f3addfd64c75b1faa272a280dc6e2df818.jpg,https://www2.hm.com//en_gb/productpage.0704900014.html
E0003,United Kingdom - H&M,2024-03-03,H&M,1129265_group_002_en_gb,44,GBP,£15.00,home_decorations_pots,Stoneware plant pot,,"Beige,White",https://image.hm.com/assets/hm/dc/f6/dcf6e24a2daeb16e6264ede052b0dfa99a6698b3.jpg,https://www2.hm.com//en_gb/productpage.1129265002.html
E0003,United Kingdom - H&M,2024-03-03,H&M,1095039_group_003_en_gb,44,GBP,£9.00,home_decorations_candleholders,Glass tealight holder,,"Yellow,Green,Dark beige,Light grey,dc,dc",https://image.hm.com/assets/hm/93/44/9344b55e48a437e99fe1e18bf9551df65a7862be.jpg,https://www2.hm.com//en_gb/productpage.1095039003.html
E0003,United Kingdom - H&M,2024-03-03,H&M,1084847_group_008_en_gb,44,GBP,£8.00,home_textiles_cushions_covers,Linen-blend cushion cover,50x50,"Yellow,Natural white",https://image.hm.com/assets/hm/ca/98/ca9804f26757739c8ce8fa38b14b9bb673e8b572.jpg,https://www2.hm.com//en_gb/productpage.1084847008.html
E0003,United Kingdom - H&M,2024-03-03,H&M,1115380_group_001_en_gb,44,GBP,£11.00,home_decorations_vases,Metal vase,,Silver-coloured,https://image.hm.com/assets/hm/0c/c6/0cc677349ee750174fe38b5ea617717a73ff040d.jpg,https://www2.hm.com//en_gb/productpage.1115380001.html
E0003,United Kingdom - H&M,2024-03-03,H&M,1078348_group_001_en_gb,44,GBP,£6.00,home_decorations_vases,Small glass vase,,"Clear glass,Beige",https://image.hm.com/assets/hm/1d/21/1d216fb0215d326d7fdfe63217d1624623299be6.jpg,https://www2.hm.com//en_gb/productpage.1078348001.html
E0003,United Kingdom - H&M,2024-03-03,H&M,1100552_group_002_en_gb,44,GBP,£6.00,home_decorations_candleholders,Small glass tealight holder,,"Green,Light beige,Brown,Light yellow",https://image.hm.com/assets/hm/ed/a4/eda4b162b360865007614105116f2ac35858e618.jpg,https://www2.hm.com//en_gb/productpage.1100552002.html
E0003,United Kingdom - H&M,2024-03-03,H&M,1160530_group_001_en_gb,44,GBP,£11.00,home_decorations_candleholders,Glass candle lantern,,Yellow,https://image.hm.com/assets/hm/e3/2e/e32e9d1b31062703239abfe5481134ffe8243cdf.jpg,https://www2.hm.com//en_gb/productpage.1160530001.html
E0003,United Kingdom - H&M,2024-03-03,Star Trading,1037479_group_001_en_gb,44,GBP,£5.00,home_brands_startrading,Cord set,,White,https://image.hm.com/assets/hm/23/d4/23d44bdc456f43f31166f749c5e76484db0beff6.jpg,https://www2.hm.com//en_gb/productpage.1037479001.html
E0003,United Kingdom - H&M,2024-03-03,H&M,1168939_group_001_en_gb,44,GBP,£6.00,home_cookingdining_coaster,4-pack jute coasters,10x10,"Beige/Brown,Beige/Red",https://image.hm.com/assets/hm/16/f9/16f926c9cbbfad2cad6406f45b526eefb6ac13a6.jpg,https://www2.hm.com//en_gb/productpage.1168939001.html
E0003,United Kingdom - H&M,2024-03-03,H&M,1120053_group_001_en_gb,44,GBP,£11.00,home_decorations,Decorative glass bowl,,Clear glass,https://image.hm.com/assets/hm/e9/10/e91038d41ba4625d283fde5f76c1ff9362ab593c.jpg,https://www2.hm.com//en_gb/productpage.1120053001.html
E0003,United Kingdom - H&M,2024-03-03,H&M,0531997_group_010_en_gb,44,GBP,£6.00,kids_girls_partyoccasion_party,Glittery star garland,,Silver-coloured,https://image.hm.com/assets/hm/b0/cb/b0cb009342af7f80c474f0c5c1a2a670d48ccd83.jpg,https://www2.hm.com//en_gb/productpage.0531997010.html
E0003,United Kingdom - H&M,2024-03-03,H&M,1129158_group_002_en_gb,44,GBP,£15.00,home_decorations,Decorative stoneware bowl,,Beige,https://image.hm.com/assets/hm/b9/9a/b99a4b4f7a00fc4e70d895673adaf51a4884d78b.jpg,https://www2.hm.com//en_gb/productpage.1129158002.html
E0003,United Kingdom - H&M,2024-03-03,H&M,0460912_group_002_en_gb,44,GBP,£36.00,home_bedlinen_bedskirts,Washed linen single valance,SINGLE,"Light grey,White,Beige",https://image.hm.com/assets/hm/ff/ca/ffcaeb92652ca33a44d96b7e17e6d8a1daabb644.jpg,https://www2.hm.com//en_gb/productpage.0460912002.html
E0003,United Kingdom - H&M,2024-03-03,H&M,1133925_group_001_en_gb,44,GBP,£11.00,home_decorations_posters,Poster,50x50,Natural white,https://image.hm.com/assets/hm/72/01/7201fa9e348012cea4b7b33b12463b906dfb42d1.jpg,https://www2.hm.com//en_gb/productpage.1133925001.html
E0003,United Kingdom - H&M,2024-03-03,H&M,1109539_group_001_en_gb,44,GBP,£6.00,home_textiles_cushions_covers,Linen-blend cushion cover,50x50,Light beige/Happy Holidays,https://image.hm.com/assets/hm/ec/4f/ec4f5c633b250961342d1f8f69838a9dfdb53a74.jpg,https://www2.hm.com//en_gb/productpage.1109539001.html
E0003,United Kingdom - H&M,2024-03-03,H&M,1123371_group_001_en_gb,44,GBP,£8.00,home_decorations_vases,Glass vase,,Black/Clear glass,https://image.hm.com/assets/hm/03/b5/03b5235bcf239a6762287e87b3309582fde7c70a.jpg,https://www2.hm.com//en_gb/productpage.1123371001.html
E0003,United Kingdom - H&M,2024-03-03,H&M,1152573_group_001_en_gb,44,GBP,£30.00,home_lighting_celinglamps,Papier-mâché pendant light,,White/Light blue,https://image.hm.com/assets/hm/26/a1/26a14547e1fdb79453fcd94437320a5ba7a07ecc.jpg,https://www2.hm.com//en_gb/productpage.1152573001.html
E0003,United Kingdom - H&M,2024-03-03,H&M,1108356_group_002_en_gb,44,GBP,£21.00,home_furnitures_storage_shelves,Metal mesh wall shelf,,"Silver-coloured,Yellow",https://image.hm.com/assets/hm/38/a3/38a3396685df3285f46114d2f21790d9e8950dd7.jpg,https://www2.hm.com//en_gb/productpage.1108356002.html
E0003,United Kingdom - H&M,2024-03-03,H&M,1066580_group_002_en_gb,44,GBP,£72.00,home_lighting_wall,Pleated-shade wall lamp,,White/Gold-coloured,https://image.hm.com/assets/hm/1d/e0/1de051fdca5346288ee023894698ab364f19512a.jpg,https://www2.hm.com//en_gb/productpage.1066580002.html
E0003,United Kingdom - H&M,2024-03-03,H&M,1085329_group_002_en_gb,44,GBP,£6.00,home_kitchen_placemats,Cotton table mat,35x48,Natural white,https://image.hm.com/assets/hm/32/76/3276ed963285a4b0eca41241adec3698550f582c.jpg,https://www2.hm.com//en_gb/productpage.1085329002.html
E0003,United Kingdom - H&M,2024-03-03,H&M,0991344_group_007_en_gb,44,GBP,£5.00,home_kitchen_storage,Round knob,,Dark grey,https://image.hm.com/assets/hm/4d/28/4d28dd1ac0ed307ab68218329ff1d8cc4abe0662.jpg,https://www2.hm.com//en_gb/productpage.0991344007.html
E0003,United Kingdom - H&M,2024-03-03,H&M,1135401_group_001_en_gb,44,GBP,£9.00,home_decorations_decoraccessories,Small metal storage box,,Dark grey,https://image.hm.com/assets/hm/7e/41/7e41c73d38f41cbbe979251e9a3fcd3732684dd7.jpg,https://www2.hm.com//en_gb/productpage.1135401001.html
E0003,United Kingdom - H&M,2024-03-03,H&M,1137198_group_002_en_gb,44,GBP,£9.00,home_decorations,Decorative stoneware bowl,,"White,Beige,Rust brown,Light beige",https://image.hm.com/assets/hm/60/bf/60bf7a5fc8d9303b3c3ffcf2d0793d1e87cc84a7.jpg,https://www2.hm.com//en_gb/productpage.1137198002.html
E0003,United Kingdom - H&M,2024-03-03,H&M,1088549_group_002_en_gb,44,GBP,£8.00,home_decorations_vases,Small glass vase,,Red,https://image.hm.com/assets/hm/c9/02/c902e50e76c3bfe75bb60624ec0f9c36b143904a.jpg,https://www2.hm.com//en_gb/productpage.1088549002.html
E0003,United Kingdom - H&M,2024-03-03,H&M,0983974_group_002_en_gb,44,GBP,£9.00,home_bedlinen_pillowcases,Cotton sateen pillowcase,KING,"Greige,White",https://image.hm.com/assets/hm/49/28/4928b69ab91cc2671a94dd32f359cb11691a8f07.jpg,https://www2.hm.com//en_gb/productpage.0983974002.html
E0003,United Kingdom - H&M,2024-03-03,H&M,1137949_group_002_en_gb,44,GBP,£6.00,home_cushions_cushioncover,Patterned cushion cover,50x50,Dark blue/Patterned,https://image.hm.com/assets/hm/ae/6a/ae6ab4ba2bbaf0fcea2361fd0b6d6f40a96bcbd2.jpg,https://www2.hm.com//en_gb/productpage.1137949002.html
E0003,United Kingdom - H&M,2024-03-03,H&M,1198376_group_001_en_gb,44,GBP,£6.00,home_cookingdining_coaster,4-pack coasters,D10,"Gold-coloured,Silver-coloured",https://image.hm.com/assets/hm/76/fe/76fe13c8c4f1b0705b28d747f1830e6d3861580f.jpg,https://www2.hm.com//en_gb/productpage.1198376001.html
E0003,United Kingdom - H&M,2024-03-03,H&M,1105508_group_002_en_gb,44,GBP,£14.00,home_decorations_vases,Small glass vase,,"Blue,Transparent",https://image.hm.com/assets/hm/d0/65/d06524601bdf50da6ef7836a21d6177ebc953356.jpg,https://www2.hm.com//en_gb/productpage.1105508002.html
E0003,United Kingdom - H&M,2024-03-03,H&M,1078350_group_001_en_gb,44,GBP,£6.00,home_decorations_vases,Tall glass mini vase,,Clear glass,https://image.hm.com/assets/hm/51/6f/516ffe020c670da60145e5e2f406118776f66da3.jpg,https://www2.hm.com//en_gb/productpage.1078350001.html
E0003,United Kingdom - H&M,2024-03-03,H&M,1041276_group_002_en_gb,44,GBP,£9.00,home_babyroom_accessoriesstorage,2-pack cotton changing mat covers,50x70,"White/Floral,White/Spotted",https://image.hm.com/assets/hm/50/f9/50f910ea512871ef56e21e55edee080667068636.jpg,https://www2.hm.com//en_gb/productpage.1041276002.html
E0003,United Kingdom - H&M,2024-03-03,H&M,1095039_group_006_en_gb,44,GBP,£9.00,home_decorations_candleholders,Glass tealight holder,,"Light green,Green,Dark beige,Yellow,dc,dc",https://image.hm.com/assets/hm/88/62/8862140099082a821f90af9c7f9ddb9405f5da7b.jpg,https://www2.hm.com//en_gb/productpage.1095039006.html
E0003,United Kingdom - H&M,2024-03-03,H&M,1100552_group_003_en_gb,44,GBP,£6.00,home_decorations_candleholders,Small glass tealight holder,,"Brown,Light beige,Green,Light yellow",https://image.hm.com/assets/hm/04/fb/04fbeaf3a9fffaaa721832c722d71109d5d54c33.jpg,https://www2.hm.com//en_gb/productpage.1100552003.html
E0003,United Kingdom - H&M,2024-03-03,H&M,1092762_group_002_en_gb,44,GBP,£6.00,home_decorations_trays,Small hexagonal metal tray,,Black,https://image.hm.com/assets/hm/d5/dd/d5ddf1a0cebabf5c88770c11df94eb1421cdb405.jpg,https://www2.hm.com//en_gb/productpage.1092762002.html
E0003,United Kingdom - H&M,2024-03-03,H&M,1173172_group_001_en_gb,44,GBP,£5.00,home_bathshower_accessories_bathroomaccessories,Glass toothbrush mug,,Yellow,https://image.hm.com/assets/hm/79/91/799149371f19d8fdc43db3a6ad3b998dffeec1af.jpg,https://www2.hm.com//en_gb/productpage.1173172001.html
E0003,United Kingdom - H&M,2024-03-03,H&M,1025265_group_001_en_gb,44,GBP,£8.00,home_textiles_cushions_covers,Animal-patterned linen-blend cushion cover,40x60,Black/Zebra print,https://image.hm.com/assets/hm/83/da/83dafc3919037c4a76761e31475210657e92c38f.jpg,https://www2.hm.com//en_gb/productpage.1025265001.html
E0003,United Kingdom - H&M,2024-03-03,H&M,0975823_group_007_en_gb,44,GBP,£9.00,kids_toys_softtoys,Extra-soft soft toy,,"Greige/Koala,Grey/Koala",https://image.hm.com/assets/hm/4a/29/4a2987a005941ad9205058f04b46846a3ad1bd17.jpg,https://www2.hm.com//en_gb/productpage.0975823007.html
E0003,United Kingdom - H&M,2024-03-03,H&M,1199736_group_002_en_gb,44,GBP,£6.00,home_kitchen_napkins,4-pack glittery napkin rings,,"Silver-coloured,Gold-coloured",https://image.hm.com/assets/hm/59/aa/59aa78a16ab9061178fd719e3ce98bb85af0c342.jpg,https://www2.hm.com//en_gb/productpage.1199736002.html
E0003,United Kingdom - H&M,2024-03-03,H&M,1175134_group_001_en_gb,44,GBP,£12.00,home_decorations_vases,Stoneware vase,,Anthracite grey,https://image.hm.com/assets/hm/14/53/14537fc5c644394576808a7cfe9e2aaec8dfff88.jpg,https://www2.hm.com//en_gb/productpage.1175134001.html
E0003,United Kingdom - H&M,2024-03-03,H&M,1160256_group_002_en_gb,44,GBP,£8.00,home_decorations_candleholders,Stoneware candlestick,,Rust brown,https://image.hm.com/assets/hm/f8/af/f8af841a70d00067ace35e8a439d2b2f1cfc7b94.jpg,https://www2.hm.com//en_gb/productpage.1160256002.html
E0003,United Kingdom - H&M,2024-03-03,H&M,1129265_group_001_en_gb,44,GBP,£15.00,home_decorations_pots,Stoneware plant pot,,"White,Beige",https://image.hm.com/assets/hm/18/fb/18fb4f5dccd967ddec85cf2c477a8a8fd7e6e88f.jpg,https://www2.hm.com//en_gb/productpage.1129265001.html
E0003,United Kingdom - H&M,2024-03-03,H&M,0608689_group_001_en_gb,44,GBP,£48.00,home_lighting_celinglamps,Bamboo pendant light,,Light beige,https://image.hm.com/assets/hm/df/2d/df2d6d305af46af07ca3a713c91121235181a236.jpg,https://www2.hm.com//en_gb/productpage.0608689001.html
E0003,United Kingdom - H&M,2024-03-03,H&M,1097492_group_002_en_gb,44,GBP,£11.00,home_cushions_seatcushions,Teddy seat cushion,38x38,Light grey,https://image.hm.com/assets/hm/c3/75/c375ced2d6c9a78bdbb9bcda452192cba1628e3e.jpg,https://www2.hm.com//en_gb/productpage.1097492002.html
E0003,United Kingdom - H&M,2024-03-03,H&M,0836906_group_003_en_gb,44,GBP,£6.00,home_cookingdining_coaster,4-pack coasters,D10,Green,https://image.hm.com/assets/hm/8f/1c/8f1c843d25c73d1987dd874faf74f6f67162d35b.jpg,https://www2.hm.com//en_gb/productpage.0836906003.html
E0003,United Kingdom - H&M,2024-03-03,H&M,0975823_group_001_en_gb,44,GBP,£9.00,kids_toys_softtoys,Extra-soft soft toy,,"Grey/Koala,Greige/Koala",https://image.hm.com/assets/hm/70/ae/70aebbc08af3fd29c55f35e7b5da3b2c0a690500.jpg,https://www2.hm.com//en_gb/productpage.0975823001.html
E0003,United Kingdom - H&M,2024-03-03,H&M,0975184_group_001_en_gb,44,GBP,£9.00,home_cushions_cushioncover,Cotton twill cushion cover,50x50,"White,Light beige",https://image.hm.com/assets/hm/c6/21/c621921c834c516f0c838da550e97b97a05872ec.jpg,https://www2.hm.com//en_gb/productpage.0975184001.html
E0003,United Kingdom - H&M,2024-03-03,House Doctor,1199973_group_001_en_gb,44,GBP,£3.00,home_brands_housedoctor,Glittery glass bauble,,"Red/Stars,Green/Stars",https://image.hm.com/assets/hm/75/59/75593c27943d306d81e6b9bc5fc91ee075d54f79.jpg,https://www2.hm.com//en_gb/productpage.1199973001.html
E0003,United Kingdom - H&M,2024-03-03,H&M,1129706_group_001_en_gb,44,GBP,£9.00,home_cookingdining_tablecloths,Glittery table runner,45x150,Natural white,https://image.hm.com/assets/hm/98/4b/984b487cceb21f516fd7ca7542a222cf9fbed7f9.jpg,https://www2.hm.com//en_gb/productpage.1129706001.html
E0003,United Kingdom - H&M,2024-03-03,H&M,1120401_group_002_en_gb,44,GBP,£11.00,home_decorations_candles_scented,Scented candle in glass holder,,Light blue/Sunlit Neroli,https://image.hm.com/assets/hm/48/07/4807833a50658efc02ded3bea00b8b0eba533705.jpg,https://www2.hm.com//en_gb/productpage.1120401002.html
E0003,United Kingdom - H&M,2024-03-03,H&M,1086703_group_001_en_gb,44,GBP,£12.00,home_textiles_cushions_covers,Quilted cushion cover,50x50,Yellow/Floral,https://image.hm.com/assets/hm/22/57/2257d1480da5aa514659817a35c73e74d497a4c9.jpg,https://www2.hm.com//en_gb/productpage.1086703001.html
E0003,United Kingdom - H&M,2024-03-03,Archivist,1173699_group_021_en_gb,44,GBP,£2.00,home_giftwraps,Greeting card with envelope,17.8x12.7,"White/Christmas tree,Light blue/Octopus",https://image.hm.com/assets/hm/25/92/259206a629f4c56f8c8d49721bd9c243a879abdc.jpg,https://www2.hm.com//en_gb/productpage.1173699021.html
E0003,United Kingdom - H&M,2024-03-03,H&M,1088494_group_002_en_gb,44,GBP,£39.00,home_storageorganizing_laundrybaskets,Wire laundry basket,,Light beige,https://image.hm.com/assets/hm/36/ed/36eda8e181f2221a518b9b429e5c1a3a55dba114.jpg,https://www2.hm.com//en_gb/productpage.1088494002.html
E0003,United Kingdom - H&M,2024-03-03,H&M,1120398_group_002_en_gb,44,GBP,£5.00,home_decorations_candles_unscented,Cone-shaped candle,,Light blue,https://image.hm.com/assets/hm/57/1a/571af58f9a96fa70e847e8639477bd1eea76b9e7.jpg,https://www2.hm.com//en_gb/productpage.1120398002.html
E0003,United Kingdom - H&M,2024-03-03,H&M,0903849_group_003_en_gb,44,GBP,£6.00,home_kitchen_servingware,Champagne flute,,Beige,https://image.hm.com/assets/hm/22/44/224431245e6e5623ffef995c629efc867f1badd2.jpg,https://www2.hm.com//en_gb/productpage.0903849003.html
E0003,United Kingdom - H&M,2024-03-03,H&M,1105508_group_001_en_gb,44,GBP,£14.00,home_decorations_vases,Small glass vase,,"Transparent,Blue",https://image.hm.com/assets/hm/89/84/89843c3313b7febab12651fe3a93eefb63548b47.jpg,https://www2.hm.com//en_gb/productpage.1105508001.html
E0003,United Kingdom - H&M,2024-03-03,H&M,1160257_group_001_en_gb,44,GBP,£6.00,home_decorations_candleholders,Glass tealight holder,,Transparent,https://image.hm.com/assets/hm/66/d7/66d772ddd6b1d1e1f4a620f71982b9be4d00f3cc.jpg,https://www2.hm.com//en_gb/productpage.1160257001.html
E0003,United Kingdom - H&M,2024-03-03,H&M,1079116_group_001_en_gb,44,GBP,£3.00,home_kitchen_servingware,Small stoneware cup,,Light beige,https://image.hm.com/assets/hm/70/73/707356b5f6947b3af7722184b11fa3f469e58bea.jpg,https://www2.hm.com//en_gb/productpage.1079116001.html
E0003,United Kingdom - H&M,2024-03-03,H&M,1078349_group_001_en_gb,44,GBP,£6.00,home_decorations_vases,Glass mini vase,,Clear glass,https://image.hm.com/assets/hm/ba/55/ba55e9dcc64ce8d496aaa53a4d4c7578a409d10b.jpg,https://www2.hm.com//en_gb/productpage.1078349001.html
E0003,United Kingdom - H&M,2024-03-03,H&M,0912079_group_008_en_gb,44,GBP,£5.00,home_cookingdining_plates,Small porcelain plate,,"Green/Patterned,Black/Patterned",https://image.hm.com/assets/hm/1b/a5/1ba5536747dd620c2ddef9438ea67fbf169999eb.jpg,https://www2.hm.com//en_gb/productpage.0912079008.html
E0003,United Kingdom - H&M,2024-03-03,H&M,1198455_group_001_en_gb,44,GBP,£7.00,home_decorations,Shimmering bead garland,,White,https://image.hm.com/assets/hm/c9/a0/c9a0b0d16a836954c63c9bbbdd1a0e786f9bd1ed.jpg,https://www2.hm.com//en_gb/productpage.1198455001.html
E0003,United Kingdom - H&M,2024-03-03,H&M,1198376_group_002_en_gb,44,GBP,£6.00,home_cookingdining_coaster,4-pack coasters,D10,"Silver-coloured,Gold-coloured",https://image.hm.com/assets/hm/30/97/3097f992ac0483f37c5e2a5b46e3d82225cce476.jpg,https://www2.hm.com//en_gb/productpage.1198376002.html
E0003,United Kingdom - H&M,2024-03-03,H&M,1119906_group_001_en_gb,44,GBP,£12.00,home_decorations_candleholders,Metal candlestick,,Silver-coloured,https://image.hm.com/assets/hm/f6/d7/f6d7962979d7c11e9d1511c6623a47845b1f09d3.jpg,https://www2.hm.com//en_gb/productpage.1119906001.html
E0003,United Kingdom - H&M,2024-03-03,H&M,1199926_group_001_en_gb,44,GBP,£12.00,home_cookingdining_coaster,Beaded place mat,D38,Gold-coloured,https://image.hm.com/assets/hm/55/6f/556f1f9b79f199a7bf03eba2bc2a9fc992da3f99.jpg,https://www2.hm.com//en_gb/productpage.1199926001.html
E0003,United Kingdom - H&M,2024-03-03,H&M,1105071_group_004_en_gb,44,GBP,£5.00,home_decorations_decoraccessories,Christmas tree star,,White,https://image.hm.com/assets/hm/77/c5/77c50f403b74ffa81175a4eb5b7290de2227a408.jpg,https://www2.hm.com//en_gb/productpage.1105071004.html
E0003,United Kingdom - H&M,2024-03-03,H&M,1122946_group_001_en_gb,44,GBP,£8.00,home_cookingdining_coaster,2-pack place mats,19.5x23.5,White/Breakfast,https://image.hm.com/assets/hm/9b/4c/9b4c4fd0da064804918d20c5d07b9d02cc8887c4.jpg,https://www2.hm.com//en_gb/productpage.1122946001.html
E0003,United Kingdom - H&M,2024-03-03,H&M,1104221_group_001_en_gb,44,GBP,£8.00,home_decorations_decoraccessories,Christmas tree star,,Gold-coloured,https://image.hm.com/assets/hm/97/91/9791a54453c7e5f248aa98d0cb7416f0a74c11ce.jpg,https://www2.hm.com//en_gb/productpage.1104221001.html
E0003,United Kingdom - H&M,2024-03-03,H&M,1133936_group_001_en_gb,44,GBP,£12.00,home_textiles_cushions_covers,Satin cushion cover,50x50,Natural white,https://image.hm.com/assets/hm/21/a1/21a17aea75041306198fcc31c0c0234b37e89fd1.jpg,https://www2.hm.com//en_gb/productpage.1133936001.html
E0003,United Kingdom - H&M,2024-03-03,H&M,1105510_group_002_en_gb,44,GBP,£21.00,home_decorations_vases,Large glass vase,,"Blue,Transparent",https://image.hm.com/assets/hm/8d/f6/8df62e2ab4759601c07bee8fb0f2e34be3e077da.jpg,https://www2.hm.com//en_gb/productpage.1105510002.html
E0003,United Kingdom - H&M,2024-03-03,H&M,1095039_group_005_en_gb,44,GBP,£9.00,home_decorations_candleholders,Glass tealight holder,,"Light grey,Green,Dark beige,Yellow,dc,dc",https://image.hm.com/assets/hm/89/26/89267e2da30cbf77a0a3750a6d832a31f961c552.jpg,https://www2.hm.com//en_gb/productpage.1095039005.html
E0003,United Kingdom - H&M,2024-03-03,H&M,1078348_group_002_en_gb,44,GBP,£6.00,home_decorations_vases,Small glass vase,,"Beige,Clear glass",https://image.hm.com/assets/hm/93/eb/93ebe290efe9d2f04982bb9ffe676de723d266e9.jpg,https://www2.hm.com//en_gb/productpage.1078348002.html
E0003,United Kingdom - H&M,2024-03-03,H&M,1052948_group_004_en_gb,44,GBP,£60.00,home_furnitures_tables_pedestals,Low pedestal,,Light blue,https://image.hm.com/assets/hm/75/26/752601141cff76b9ecd6bbfb6881ab13a709bd1c.jpg,https://www2.hm.com//en_gb/productpage.1052948004.html
E0003,United Kingdom - H&M,2024-03-03,H&M,1100552_group_005_en_gb,44,GBP,£6.00,home_decorations_candleholders,Small glass tealight holder,,"Light yellow,Light beige,Green,Brown",https://image.hm.com/assets/hm/95/58/95583a91809fd38b7a0ede1f3b02a02a50a1d611.jpg,https://www2.hm.com//en_gb/productpage.1100552005.html
E0003,United Kingdom - H&M,2024-03-03,H&M,1196658_group_002_en_gb,44,GBP,£3.00,home_decorations_decoraccessories,Glittery glass Christmas bauble,,"Gold-coloured,Silver-coloured",https://image.hm.com/assets/hm/3d/75/3d758134e66608092ef3b6b36d4c6a205cd5446b.jpg,https://www2.hm.com//en_gb/productpage.1196658002.html
E0003,United Kingdom - H&M,2024-03-03,H&M,1108356_group_003_en_gb,44,GBP,£21.00,home_furnitures_storage_shelves,Metal mesh wall shelf,,"Yellow,Silver-coloured",https://image.hm.com/assets/hm/96/3e/963e0147c25ba3e1bb8627953c0b1e157487b4cd.jpg,https://www2.hm.com//en_gb/productpage.1108356003.html
E0003,United Kingdom - H&M,2024-03-03,H&M,1172625_group_001_en_gb,44,GBP,£5.00,home_kitchen_servingware,Stoneware mid plate,,,https://image.hm.com/assets/hm/63/e0/63e067061685acf978653149483f48491364fbf1.jpg,https://www2.hm.com//en_gb/productpage.1172625001.html
E0003,United Kingdom - H&M,2024-03-03,H&M,1107856_group_001_en_gb,44,GBP,£6.00,home_textiles_cushions_covers,Linen-blend cushion cover,40x40,Light beige/Snowglobe,https://image.hm.com/assets/hm/28/f5/28f5d8b64d9694a14f91445fc05a16bd7b2c6844.jpg,https://www2.hm.com//en_gb/productpage.1107856001.html
E0003,United Kingdom - H&M,2024-03-03,H&M,1198513_group_001_en_gb,44,GBP,£4.00,home_decorations_decoraccessories,Christmas decoration,,Red/Lipstick,https://image.hm.com/assets/hm/70/69/7069529e4d1f3224f2c47b9b01f9a243b9e650e7.jpg,https://www2.hm.com//en_gb/productpage.1198513001.html
E0003,United Kingdom - H&M,2024-03-03,H&M,1085365_group_001_en_gb,44,GBP,£3.00,home_kitchen_napkins,4-pack napkin rings,,Black/Pumpkin,https://image.hm.com/assets/hm/df/24/df2409e1c6c95926c4011d503de13a0e21a691e3.jpg,https://www2.hm.com//en_gb/productpage.1085365001.html
E0003,United Kingdom - H&M,2024-03-03,H&M,1133937_group_001_en_gb,44,GBP,£15.00,home_textiles_cushions_covers,Satin cushion cover,40x60,Natural white/Red,https://image.hm.com/assets/hm/c0/cf/c0cf2d789a49587d3bc17167c5a2b8f8bccab67d.jpg,https://www2.hm.com//en_gb/productpage.1133937001.html
E0003,United Kingdom - H&M,2024-03-03,H&M,1007802_group_001_en_gb,44,GBP,£36.00,home_textiles_curtains,2-pack tasselled curtains,120x250,,https://image.hm.com/assets/hm/5d/20/5d2066e6849147373eab4da573d2942356d318c7.jpg,https://www2.hm.com//en_gb/productpage.1007802001.html
E0003,United Kingdom - H&M,2024-03-03,H&M,1070641_group_001_en_gb,44,GBP,£6.00,home_livingroom_lighting,Ceiling cord set,,White,https://image.hm.com/assets/hm/ad/7b/ad7b235cfcb100982c022169661123b77f955aed.jpg,https://www2.hm.com//en_gb/productpage.1070641001.html
E0003,United Kingdom - H&M,2024-03-03,H&M,1066586_group_002_en_gb,44,GBP,£120.00,home_lighting_floorlamps,Pleated-shade floor lamp,,White/Gold-coloured,https://image.hm.com/assets/hm/43/09/43098a8857d0711dfb9e8a30a3a992598120aeee.jpg,https://www2.hm.com//en_gb/productpage.1066586002.html
E0003,United Kingdom - H&M,2024-03-03,H&M,0924321_group_003_en_gb,44,GBP,£84.00,home_furnitures_chairs_lounge,Metal lounge chair,,"White,Black",https://image.hm.com/assets/hm/6e/72/6e72dec3844ffaf95fff3e8adf865e4087b72a5e.jpg,https://www2.hm.com//en_gb/productpage.0924321003.html
E0003,United Kingdom - H&M,2024-03-03,H&M,1018939_group_002_en_gb,44,GBP,£6.00,home_cookingdining_napkins,4-pack napkin rings,,"Black,Greige",https://image.hm.com/assets/hm/b5/aa/b5aabdb503a13f5c554fe2ca87e5f14da446747b.jpg,https://www2.hm.com//en_gb/productpage.1018939002.html
E0003,United Kingdom - H&M,2024-03-03,H&M,1018939_group_001_en_gb,44,GBP,£6.00,home_cookingdining_napkins,4-pack napkin rings,,"Greige,Black",https://image.hm.com/assets/hm/eb/b0/ebb0945a0daa4b2ccd73c04d6a65a67fdda658d5.jpg,https://www2.hm.com//en_gb/productpage.1018939001.html
E0003,United Kingdom - H&M,2024-03-03,H&M,0832720_group_007_en_gb,44,GBP,£48.00,home_bedlinen_bedskirts,Washed linen double/king valance,"SUPER KING,KING,DOUBLE","Light grey,White,Beige",https://image.hm.com/assets/hm/e6/07/e6070f55cc4fd929cd1cfc3361ee7207a243869f.jpg,https://www2.hm.com//en_gb/productpage.0832720007.html
E0003,United Kingdom - H&M,2024-03-03,H&M,1194874_group_003_en_gb,44,GBP,£12.00,home_lighting_lampshades,Paper star lampshade,,White/Star,https://image.hm.com/assets/hm/39/49/39492149e43ce6e5a03567318fce81f45ce9f95c.jpg,https://www2.hm.com//en_gb/productpage.1194874003.html
E0003,United Kingdom - H&M,2024-03-03,H&M,1090089_group_002_en_gb,44,GBP,£5.00,home_decorations_candleholders,Glass tealight holder,,Light blue,https://image.hm.com/assets/hm/1c/18/1c1816af82293a3dc725e45a49cde58a0009e9d9.jpg,https://www2.hm.com//en_gb/productpage.1090089002.html
E0003,United Kingdom - H&M,2024-03-03,H&M,1119907_group_001_en_gb,44,GBP,£8.00,home_decorations_candleholders,Bubbly glass tealight holder,,Clear glass,https://image.hm.com/assets/hm/26/19/2619ee072d5b279ef0725b0575d537392fe74123.jpg,https://www2.hm.com//en_gb/productpage.1119907001.html
E0003,United Kingdom - H&M,2024-03-03,H&M,1090164_group_001_en_gb,44,GBP,£8.00,home_decorations_candleholders,Tealight holder,,"Dark grey,Beige",https://image.hm.com/assets/hm/5c/04/5c04efc91f6da7e99c8be9e4b928cd0f86af343a.jpg,https://www2.hm.com//en_gb/productpage.1090164001.html
E0003,United Kingdom - H&M,2024-03-03,H&M,0982262_group_001_en_gb,44,GBP,£30.00,home_storageorganizing_wallstorage,Metal hat rack,,Black,https://image.hm.com/assets/hm/b3/bc/b3bcd03a7bcd453faf8eb2b68ea4f5cd9b6ba367.jpg,https://www2.hm.com//en_gb/productpage.0982262001.html
E0003,United Kingdom - H&M,2024-03-03,H&M,1133924_group_002_en_gb,44,GBP,£12.00,home_decorations_posters,Poster,50x70,Natural white/Abstract,https://image.hm.com/assets/hm/35/b2/35b246578eb30a38182680bb9f37d83d196ba4c0.jpg,https://www2.hm.com//en_gb/productpage.1133924002.html
E0003,United Kingdom - H&M,2024-03-03,H&M,1027376_group_007_en_gb,44,GBP,£6.00,home_decorations_decoraccessories,Glass Christmas tree decoration,,White/Car,https://image.hm.com/assets/hm/5c/81/5c819213b8fc805b2bc0e2a9b695b998d34724d5.jpg,https://www2.hm.com//en_gb/productpage.1027376007.html
E0003,United Kingdom - H&M,2024-03-03,H&M,1110043_group_003_en_gb,44,GBP,£72.00,home_lighting_tablelamps,Metal mesh table lamp,,"Yellow,Silver-coloured",https://image.hm.com/assets/hm/60/63/606370bc0c3a777813b9c2b637f8a720b04b2758.jpg,https://www2.hm.com//en_gb/productpage.1110043003.html
E0003,United Kingdom - H&M,2024-03-03,H&M,1110057_group_001_en_gb,44,GBP,£42.00,home_lighting_tablelamps,Ceramic table lamp,,Green beige,https://image.hm.com/assets/hm/b3/25/b3253adfd152d3da78e39ac60a1ae6f0388ffbaf.jpg,https://www2.hm.com//en_gb/productpage.1110057001.html
